text,label
The sale deed records the consideration and transfer of the property.,Deed
I solemnly state and affirm the facts set out below.,Affidavit
The petitioner respectfully submits this petition before the competent court.,Petition
This agreement governs the relationship between the customer and provider.,Contract
The judge directs the parties to maintain the existing position by this order.,Order
The notice specifies the deadline for taking the required action.,Notice
"The service contract specifies payment, obligations, and termination conditions.",Contract
The property transfer is documented through the registered deed.,Deed
This settlement agreement resolves the dispute between the parties.,Agreement
The parties confirm their consent to the settlement terms.,Agreement
The parties have mutually agreed to the terms contained in this document.,Agreement
The agreement specifies the responsibilities accepted as part of the settlement.,Agreement
The licensing contract grants the licensee rights for the stated term.,Contract
The affidavit contains the verified statement of the deponent.,Affidavit
The deed sets out the legal description of the conveyed property.,Deed
The gift deed transfers the described property to the recipient.,Deed
The notice calls for a written response within seven days.,Notice
This statutory notice is issued to the concerned party.,Notice
The declarant states under oath that the facts are true.,Affidavit
I solemnly affirm that the facts stated in this affidavit are true and correct.,Affidavit
The parties execute this deed to record the transfer of title.,Deed
This deed transfers ownership of the property described in the schedule.,Deed
The deed records the rights conveyed to the transferee.,Deed
The petitioner requests the court to issue necessary directions.,Petition
This demand notice sets out the amount due and the response period.,Notice
The contract may be terminated by either party after written notice.,Contract
The applicant respectfully states the grounds for filing this petition.,Petition
This property deed identifies the transferor and transferee.,Deed
The affidavit is sworn before the authorized officer.,Affidavit
The parties execute this settlement agreement after negotiations.,Agreement
The affidavit records the sworn statement of the declarant.,Affidavit
This document is a sworn affidavit executed by the declarant.,Affidavit
The agreement records the mutual understanding reached by the parties.,Agreement
The authority passes an order requiring the respondent to comply.,Order
This legal notice demands compliance within the specified period.,Notice
The conveyance deed creates and records the transfer of title.,Deed
You are hereby notified to appear before the authority regarding the outstanding matter.,Notice
The authority issues this notice calling upon the recipient to respond.,Notice
A formal notice is issued demanding compliance with the stated requirement.,Notice
The order directs completion of the stated action within the prescribed period.,Order
The notice warns the recipient of further action in case of non-compliance.,Notice
This written agreement confirms the parties mutual arrangement.,Agreement
"The contract contains clauses concerning payment, liability, and termination.",Contract
I affirm on oath that the information provided is correct.,Affidavit
The petitioner submits supporting facts and legal grounds to the court.,Petition
This sworn affidavit is submitted in support of the application.,Affidavit
The declarant signs this affidavit after affirming the stated facts.,Affidavit
The petitioner approaches the court seeking appropriate relief and directions.,Petition
The settlement agreement sets out the obligations accepted by both sides.,Agreement
"The vendor agreement defines delivery schedules, fees, and warranties.",Contract
The petition is presented before the court for adjudication.,Petition
The parties agree to be bound by the provisions of this contract.,Contract
This affidavit is made and affirmed by the deponent.,Affidavit
This memorandum records the agreement reached by both parties.,Agreement
The notice requires payment of the amount within fifteen days.,Notice
The parties execute this contract and accept all obligations stated herein.,Contract
The recipient is given notice of the proceedings described in this letter.,Notice
The applicant seeks relief under the applicable provisions of law.,Petition
The deponent confirms the truth of the facts stated in the affidavit.,Affidavit
The deed records the transfer of rights and obligations between the parties.,Deed
This court order is binding upon the parties until modified or set aside.,Order
The writ petition seeks protection of the petitioner rights.,Petition
"The employment contract states the salary, duties, and notice period.",Contract
The notice is served upon the recipient at the registered address.,Notice
The agreement resolves the dispute on the conditions stated herein.,Agreement
The court orders the parties to appear on the next scheduled date.,Order
This deed contains the schedule and boundaries of the transferred asset.,Deed
This judicial order contains the directions issued by the court.,Order
This petition is filed against the order challenged by the applicant.,Petition
This instrument is a deed of conveyance between the named parties.,Deed
The deponent verifies each paragraph of this sworn declaration.,Affidavit
The court directs the respondent to comply with the order within thirty days.,Order
The petitioner prays for the reliefs specified in the petition.,Petition
This agreement is entered into between the parties and defines the terms of service.,Contract
The court issues this interim order pending further proceedings.,Order
The judge passes the following order after hearing both parties.,Order
The recipient is hereby served with notice of the claim.,Notice
The order records the findings and directions of the court.,Order
This notice informs the party about the hearing scheduled by the authority.,Notice
The court hereby orders the respondent to file the required documents.,Order
The applicant seeks a declaration and consequential relief through this petition.,Petition
The conveyance is completed through execution of this deed.,Deed
The parties jointly accept the terms and conditions of the settlement.,Agreement
The parties enter into this agreement to settle the outstanding matter.,Agreement
The deed of transfer is executed by both parties.,Deed
The applicant files this petition seeking judicial intervention.,Petition
This petition challenges the administrative action described by the applicant.,Petition
The order shall take effect immediately and remain binding on the parties.,Order
The tribunal passes the order after considering the submissions of the parties.,Order
The contract sets out the rights and responsibilities of both parties.,Contract
The company has received a notice demanding settlement of the outstanding dues.,Notice
The parties agree to the following settlement terms and conditions.,Agreement
The parties record their commercial commitments in this written contract.,Contract
The registered deed evidences ownership of the property.,Deed
The settlement terms shall be binding upon the parties to this agreement.,Agreement
The agreement becomes binding once both parties sign the document.,Contract
The final order disposes of the application before the court.,Order
The petition requests an injunction against the respondent.,Petition
"The petition contains the facts, grounds, and relief sought by the petitioner.",Petition
I declare under oath that the contents of this statement are accurate.,Affidavit
The deponent verifies the statements contained in this affidavit.,Affidavit
The tribunal issues an order directing compliance with the stated directions.,Order
This commercial contract becomes effective on the execution date.,Contract
"The supply contract covers quantities, prices, and delivery obligations.",Contract
This agreement records the terms of compromise between the parties.,Agreement
